[{"model": "admin.logentry", "pk": 1, "fields": {"action_time": "2024-02-10T10:29:10.315Z", "user": 1, "content_type": 6, "object_id": "1", "object_repr": "test", "action_flag": 1, "change_message": "[{\"added\": {}}]"}}, {"model": "admin.logentry", "pk": 2, "fields": {"action_time": "2024-02-10T10:29:25.184Z", "user": 1, "content_type": 8, "object_id": "1", "object_repr": "Test", "action_flag": 1, "change_message": "[{\"added\": {}}]"}}, {"model": "admin.logentry", "pk": 3, "fields": {"action_time": "2024-02-10T10:30:19.003Z", "user": 1, "content_type": 9, "object_id": "1", "object_repr": "red", "action_flag": 1, "change_message": "[{\"added\": {}}]"}}, {"model": "admin.logentry", "pk": 4, "fields": {"action_time": "2024-02-10T10:30:29.578Z", "user": 1, "content_type": 9, "object_id": "2", "object_repr": "blue", "action_flag": 1, "change_message": "[{\"added\": {}}]"}}, {"model": "admin.logentry", "pk": 5, "fields": {"action_time": "2024-02-10T12:13:47.323Z", "user": 1, "content_type": 7, "object_id": "9", "object_repr": "test7@example.com", "action_flag": 3, "change_message": ""}}, {"model": "admin.logentry", "pk": 6, "fields": {"action_time": "2024-02-10T15:16:52.062Z", "user": 1, "content_type": 10, "object_id": "1", "object_repr": "001", "action_flag": 1, "change_message": "[{\"added\": {}}]"}}, {"model": "admin.logentry", "pk": 7, "fields": {"action_time": "2024-02-10T15:17:06.096Z", "user": 1, "content_type": 11, "object_id": "2", "object_repr": "CartItem object (2)", "action_flag": 1, "change_message": "[{\"added\": {}}]"}}, {"model": "admin.logentry", "pk": 8, "fields": {"action_time": "2024-02-10T15:53:28.379Z", "user": 1, "content_type": 8, "object_id": "1", "object_repr": "Test", "action_flag": 2, "change_message": "[{\"changed\": {\"fields\": [\"Stock\"]}}]"}}, {"model": "admin.logentry", "pk": 9, "fields": {"action_time": "2024-02-10T16:11:58.970Z", "user": 1, "content_type": 16, "object_id": "1", "object_repr": "Test subject", "action_flag": 1, "change_message": "[{\"added\": {}}]"}}, {"model": "admin.logentry", "pk": 10, "fields": {"action_time": "2024-02-10T16:14:48.050Z", "user": 1, "content_type": 16, "object_id": "1", "object_repr": "Test subject", "action_flag": 2, "change_message": "[{\"changed\": {\"fields\": [\"Review\"]}}]"}}, {"model": "admin.logentry", "pk": 11, "fields": {"action_time": "2024-02-10T16:19:43.623Z", "user": 1, "content_type": 16, "object_id": "2", "object_repr": "John reviewig", "action_flag": 1, "change_message": "[{\"added\": {}}]"}}, {"model": "admin.logentry", "pk": 12, "fields": {"action_time": "2024-02-10T17:30:46.904Z", "user": 1, "content_type": 7, "object_id": "3", "object_repr": "test@example.com", "action_flag": 2, "change_message": "[{\"changed\": {\"fields\": [\"First name\", \"Last name\"]}}]"}}, {"model": "admin.logentry", "pk": 13, "fields": {"action_time": "2024-02-10T17:31:03.747Z", "user": 1, "content_type": 12, "object_id": "2", "object_repr": "test", "action_flag": 2, "change_message": "[]"}}, {"model": "admin.logentry", "pk": 14, "fields": {"action_time": "2024-02-10T17:31:18.706Z", "user": 1, "content_type": 12, "object_id": "11", "object_repr": "admin", "action_flag": 1, "change_message": "[{\"added\": {}}]"}}, {"model": "admin.logentry", "pk": 15, "fields": {"action_time": "2024-02-10T17:47:39.883Z", "user": 1, "content_type": 12, "object_id": "12", "object_repr": "admin", "action_flag": 1, "change_message": "[{\"added\": {}}]"}}, {"model": "admin.logentry", "pk": 16, "fields": {"action_time": "2024-02-10T18:01:53.218Z", "user": 1, "content_type": 7, "object_id": "13", "object_repr": "staff@example.com", "action_flag": 3, "change_message": ""}}, {"model": "admin.logentry", "pk": 17, "fields": {"action_time": "2024-02-10T18:27:02.111Z", "user": 1, "content_type": 17, "object_id": "1", "object_repr": "Test", "action_flag": 1, "change_message": "[{\"added\": {}}]"}}, {"model": "admin.logentry", "pk": 18, "fields": {"action_time": "2024-02-10T18:27:20.044Z", "user": 1, "content_type": 17, "object_id": "1", "object_repr": "Test", "action_flag": 2, "change_message": "[]"}}, {"model": "admin.logentry", "pk": 19, "fields": {"action_time": "2024-02-10T18:27:36.806Z", "user": 1, "content_type": 17, "object_id": "2", "object_repr": "Test", "action_flag": 1, "change_message": "[{\"added\": {}}]"}}, {"model": "admin.logentry", "pk": 20, "fields": {"action_time": "2024-02-10T18:33:17.108Z", "user": 1, "content_type": 8, "object_id": "1", "object_repr": "Test", "action_flag": 2, "change_message": "[{\"added\": {\"name\": \"productgallery\", \"object\": \"Test\"}}]"}}, {"model": "auth.permission", "pk": 1, "fields": {"name": "Can add log entry", "content_type": 1, "codename": "add_logentry"}}, {"model": "auth.permission", "pk": 2, "fields": {"name": "Can change log entry", "content_type": 1, "codename": "change_logentry"}}, {"model": "auth.permission", "pk": 3, "fields": {"name": "Can delete log entry", "content_type": 1, "codename": "delete_logentry"}}, {"model": "auth.permission", "pk": 4, "fields": {"name": "Can view log entry", "content_type": 1, "codename": "view_logentry"}}, {"model": "auth.permission", "pk": 5, "fields": {"name": "Can add permission", "content_type": 2, "codename": "add_permission"}}, {"model": "auth.permission", "pk": 6, "fields": {"name": "Can change permission", "content_type": 2, "codename": "change_permission"}}, {"model": "auth.permission", "pk": 7, "fields": {"name": "Can delete permission", "content_type": 2, "codename": "delete_permission"}}, {"model": "auth.permission", "pk": 8, "fields": {"name": "Can view permission", "content_type": 2, "codename": "view_permission"}}, {"model": "auth.permission", "pk": 9, "fields": {"name": "Can add group", "content_type": 3, "codename": "add_group"}}, {"model": "auth.permission", "pk": 10, "fields": {"name": "Can change group", "content_type": 3, "codename": "change_group"}}, {"model": "auth.permission", "pk": 11, "fields": {"name": "Can delete group", "content_type": 3, "codename": "delete_group"}}, {"model": "auth.permission", "pk": 12, "fields": {"name": "Can view group", "content_type": 3, "codename": "view_group"}}, {"model": "auth.permission", "pk": 13, "fields": {"name": "Can add content type", "content_type": 4, "codename": "add_contenttype"}}, {"model": "auth.permission", "pk": 14, "fields": {"name": "Can change content type", "content_type": 4, "codename": "change_contenttype"}}, {"model": "auth.permission", "pk": 15, "fields": {"name": "Can delete content type", "content_type": 4, "codename": "delete_contenttype"}}, {"model": "auth.permission", "pk": 16, "fields": {"name": "Can view content type", "content_type": 4, "codename": "view_contenttype"}}, {"model": "auth.permission", "pk": 17, "fields": {"name": "Can add session", "content_type": 5, "codename": "add_session"}}, {"model": "auth.permission", "pk": 18, "fields": {"name": "Can change session", "content_type": 5, "codename": "change_session"}}, {"model": "auth.permission", "pk": 19, "fields": {"name": "Can delete session", "content_type": 5, "codename": "delete_session"}}, {"model": "auth.permission", "pk": 20, "fields": {"name": "Can view session", "content_type": 5, "codename": "view_session"}}, {"model": "auth.permission", "pk": 21, "fields": {"name": "Can add category", "content_type": 6, "codename": "add_category"}}, {"model": "auth.permission", "pk": 22, "fields": {"name": "Can change category", "content_type": 6, "codename": "change_category"}}, {"model": "auth.permission", "pk": 23, "fields": {"name": "Can delete category", "content_type": 6, "codename": "delete_category"}}, {"model": "auth.permission", "pk": 24, "fields": {"name": "Can view category", "content_type": 6, "codename": "view_category"}}, {"model": "auth.permission", "pk": 25, "fields": {"name": "Can add account", "content_type": 7, "codename": "add_account"}}, {"model": "auth.permission", "pk": 26, "fields": {"name": "Can change account", "content_type": 7, "codename": "change_account"}}, {"model": "auth.permission", "pk": 27, "fields": {"name": "Can delete account", "content_type": 7, "codename": "delete_account"}}, {"model": "auth.permission", "pk": 28, "fields": {"name": "Can view account", "content_type": 7, "codename": "view_account"}}, {"model": "auth.permission", "pk": 29, "fields": {"name": "Can add product", "content_type": 8, "codename": "add_product"}}, {"model": "auth.permission", "pk": 30, "fields": {"name": "Can change product", "content_type": 8, "codename": "change_product"}}, {"model": "auth.permission", "pk": 31, "fields": {"name": "Can delete product", "content_type": 8, "codename": "delete_product"}}, {"model": "auth.permission", "pk": 32, "fields": {"name": "Can view product", "content_type": 8, "codename": "view_product"}}, {"model": "auth.permission", "pk": 33, "fields": {"name": "Can add variation", "content_type": 9, "codename": "add_variation"}}, {"model": "auth.permission", "pk": 34, "fields": {"name": "Can change variation", "content_type": 9, "codename": "change_variation"}}, {"model": "auth.permission", "pk": 35, "fields": {"name": "Can delete variation", "content_type": 9, "codename": "delete_variation"}}, {"model": "auth.permission", "pk": 36, "fields": {"name": "Can view variation", "content_type": 9, "codename": "view_variation"}}, {"model": "auth.permission", "pk": 37, "fields": {"name": "Can add cart", "content_type": 10, "codename": "add_cart"}}, {"model": "auth.permission", "pk": 38, "fields": {"name": "Can change cart", "content_type": 10, "codename": "change_cart"}}, {"model": "auth.permission", "pk": 39, "fields": {"name": "Can delete cart", "content_type": 10, "codename": "delete_cart"}}, {"model": "auth.permission", "pk": 40, "fields": {"name": "Can view cart", "content_type": 10, "codename": "view_cart"}}, {"model": "auth.permission", "pk": 41, "fields": {"name": "Can add cart item", "content_type": 11, "codename": "add_cartitem"}}, {"model": "auth.permission", "pk": 42, "fields": {"name": "Can change cart item", "content_type": 11, "codename": "change_cartitem"}}, {"model": "auth.permission", "pk": 43, "fields": {"name": "Can delete cart item", "content_type": 11, "codename": "delete_cartitem"}}, {"model": "auth.permission", "pk": 44, "fields": {"name": "Can view cart item", "content_type": 11, "codename": "view_cartitem"}}, {"model": "auth.permission", "pk": 45, "fields": {"name": "Can add user profile", "content_type": 12, "codename": "add_userprofile"}}, {"model": "auth.permission", "pk": 46, "fields": {"name": "Can change user profile", "content_type": 12, "codename": "change_userprofile"}}, {"model": "auth.permission", "pk": 47, "fields": {"name": "Can delete user profile", "content_type": 12, "codename": "delete_userprofile"}}, {"model": "auth.permission", "pk": 48, "fields": {"name": "Can view user profile", "content_type": 12, "codename": "view_userprofile"}}, {"model": "auth.permission", "pk": 49, "fields": {"name": "Can add order", "content_type": 13, "codename": "add_order"}}, {"model": "auth.permission", "pk": 50, "fields": {"name": "Can change order", "content_type": 13, "codename": "change_order"}}, {"model": "auth.permission", "pk": 51, "fields": {"name": "Can delete order", "content_type": 13, "codename": "delete_order"}}, {"model": "auth.permission", "pk": 52, "fields": {"name": "Can view order", "content_type": 13, "codename": "view_order"}}, {"model": "auth.permission", "pk": 53, "fields": {"name": "Can add payment", "content_type": 14, "codename": "add_payment"}}, {"model": "auth.permission", "pk": 54, "fields": {"name": "Can change payment", "content_type": 14, "codename": "change_payment"}}, {"model": "auth.permission", "pk": 55, "fields": {"name": "Can delete payment", "content_type": 14, "codename": "delete_payment"}}, {"model": "auth.permission", "pk": 56, "fields": {"name": "Can view payment", "content_type": 14, "codename": "view_payment"}}, {"model": "auth.permission", "pk": 57, "fields": {"name": "Can add order product", "content_type": 15, "codename": "add_orderproduct"}}, {"model": "auth.permission", "pk": 58, "fields": {"name": "Can change order product", "content_type": 15, "codename": "change_orderproduct"}}, {"model": "auth.permission", "pk": 59, "fields": {"name": "Can delete order product", "content_type": 15, "codename": "delete_orderproduct"}}, {"model": "auth.permission", "pk": 60, "fields": {"name": "Can view order product", "content_type": 15, "codename": "view_orderproduct"}}, {"model": "auth.permission", "pk": 61, "fields": {"name": "Can add review rating", "content_type": 16, "codename": "add_reviewrating"}}, {"model": "auth.permission", "pk": 62, "fields": {"name": "Can change review rating", "content_type": 16, "codename": "change_reviewrating"}}, {"model": "auth.permission", "pk": 63, "fields": {"name": "Can delete review rating", "content_type": 16, "codename": "delete_reviewrating"}}, {"model": "auth.permission", "pk": 64, "fields": {"name": "Can view review rating", "content_type": 16, "codename": "view_reviewrating"}}, {"model": "auth.permission", "pk": 65, "fields": {"name": "Can add productgallery", "content_type": 17, "codename": "add_productgallery"}}, {"model": "auth.permission", "pk": 66, "fields": {"name": "Can change productgallery", "content_type": 17, "codename": "change_productgallery"}}, {"model": "auth.permission", "pk": 67, "fields": {"name": "Can delete productgallery", "content_type": 17, "codename": "delete_productgallery"}}, {"model": "auth.permission", "pk": 68, "fields": {"name": "Can view productgallery", "content_type": 17, "codename": "view_productgallery"}}, {"model": "auth.permission", "pk": 69, "fields": {"name": "Can add login attempt", "content_type": 18, "codename": "add_loginattempt"}}, {"model": "auth.permission", "pk": 70, "fields": {"name": "Can change login attempt", "content_type": 18, "codename": "change_loginattempt"}}, {"model": "auth.permission", "pk": 71, "fields": {"name": "Can delete login attempt", "content_type": 18, "codename": "delete_loginattempt"}}, {"model": "auth.permission", "pk": 72, "fields": {"name": "Can view login attempt", "content_type": 18, "codename": "view_loginattempt"}}, {"model": "contenttypes.contenttype", "pk": 1, "fields": {"app_label": "admin", "model": "logentry"}}, {"model": "contenttypes.contenttype", "pk": 2, "fields": {"app_label": "auth", "model": "permission"}}, {"model": "contenttypes.contenttype", "pk": 3, "fields": {"app_label": "auth", "model": "group"}}, {"model": "contenttypes.contenttype", "pk": 4, "fields": {"app_label": "contenttypes", "model": "contenttype"}}, {"model": "contenttypes.contenttype", "pk": 5, "fields": {"app_label": "sessions", "model": "session"}}, {"model": "contenttypes.contenttype", "pk": 6, "fields": {"app_label": "category", "model": "category"}}, {"model": "contenttypes.contenttype", "pk": 7, "fields": {"app_label": "accounts", "model": "account"}}, {"model": "contenttypes.contenttype", "pk": 8, "fields": {"app_label": "store", "model": "product"}}, {"model": "contenttypes.contenttype", "pk": 9, "fields": {"app_label": "store", "model": "variation"}}, {"model": "contenttypes.contenttype", "pk": 10, "fields": {"app_label": "carts", "model": "cart"}}, {"model": "contenttypes.contenttype", "pk": 11, "fields": {"app_label": "carts", "model": "cartitem"}}, {"model": "contenttypes.contenttype", "pk": 12, "fields": {"app_label": "accounts", "model": "userprofile"}}, {"model": "contenttypes.contenttype", "pk": 13, "fields": {"app_label": "orders", "model": "order"}}, {"model": "contenttypes.contenttype", "pk": 14, "fields": {"app_label": "orders", "model": "payment"}}, {"model": "contenttypes.contenttype", "pk": 15, "fields": {"app_label": "orders", "model": "orderproduct"}}, {"model": "contenttypes.contenttype", "pk": 16, "fields": {"app_label": "store", "model": "reviewrating"}}, {"model": "contenttypes.contenttype", "pk": 17, "fields": {"app_label": "store", "model": "productgallery"}}, {"model": "contenttypes.contenttype", "pk": 18, "fields": {"app_label": "admin_honeypot", "model": "loginattempt"}}, {"model": "sessions.session", "pk": "4zx4erh0rn38t7pzjosx9dmk9eg77ys4", "fields": {"session_data": "eyJfc2Vzc2lvbl9pbml0X3RpbWVzdGFtcF8iOjE3MDc4Mzk4MzEuMzEyNjJ9:1rZv9j:cs-6a1zn00C1RPt4gonVpJQhS_qrq2zzT1DUvStQbv8", "expire_date": "2024-02-27T15:57:11.340Z"}}, {"model": "sessions.session", "pk": "50zff5syf4zlzidacbmazqd8sdu4dbk0", "fields": {"session_data": "e30:1rYlTM:vUzBdxdZ45j7qzagzWX1PakWw0ftlYvKxpYkErLoKao", "expire_date": "2024-02-24T11:24:40.261Z"}}, {"model": "sessions.session", "pk": "796wxpsjfv1zqn2qaqua5dq4drk00wor", "fields": {"session_data": "e30:1rYrUX:3P9usxuBFYVaqNQ0jxB_Albc4VJGiggXnFXPyNPJ9aY", "expire_date": "2024-02-24T17:50:17.320Z"}}, {"model": "sessions.session", "pk": "e9tqg0hh4me31y82znnt2eivetk5zonr", "fields": {"session_data": "e30:1rYrYD:XMV0srJIKZGDyaJBQ99JTLER8lvm-kMhULk6ippLwn8", "expire_date": "2024-02-24T17:54:05.819Z"}}, {"model": "sessions.session", "pk": "lurs76ramdhleuozdnu9bxkysm3aks2n", "fields": {"session_data": "e30:1rYpu6:ycKPws1sqSYlEE4wnTs12jeU9HDNobocsyrnbKqP338", "expire_date": "2024-02-24T16:08:34.897Z"}}, {"model": "sessions.session", "pk": "m7bgsmx5fplcmlg2ffco26zh4e3ekb1q", "fields": {"session_data": "e30:1rYpqf:9le45OFRqqMpu9Je74k3lTQS67W6VnFxQIKL9dMVwQw", "expire_date": "2024-02-24T16:05:01.065Z"}}, {"model": "sessions.session", "pk": "srlubwgek4eiive1qf0nq44qgz229a6i", "fields": {"session_data": "eyJfc2Vzc2lvbl9pbml0X3RpbWVzdGFtcF8iOjE3MDc2MDI2OTAuMjY1MTM3fQ:1rYvSs:GmiiTNv_z-cQKRL_rJe8LyNpCZVGOXSFvUOsxILxfQo", "expire_date": "2024-02-24T22:04:50.361Z"}}, {"model": "category.category", "pk": 1, "fields": {"category_name": "test", "slug": "test", "description": "dada", "cat_image": ""}}, {"model": "accounts.account", "pk": 1, "fields": {"password": "pbkdf2_sha256$216000$bQ3MkeLD3gtK$azpJu0l368OL5NRJaMdZGvpAy39UFNQnRSZboYultJQ=", "first_name": "admin", "last_name": "admin", "username": "admin", "email": "admin@example.com", "phone_number": "", "date_joined": "2024-02-10T10:27:45.367Z", "last_login": "2024-02-10T19:44:56.099Z", "is_admin": true, "is_staff": true, "is_active": true, "is_superadmin": true}}, {"model": "accounts.account", "pk": 2, "fields": {"password": "pbkdf2_sha256$600000$c91JtQLV3AbGnIgYPoTD9M$6K6MELQFD4nGiBl/raagHks3m191ZPnuLhXEhjpaG4g=", "first_name": "John", "last_name": "Doe", "username": "joh.doe", "email": "joh.doe@example.com", "phone_number": "0123930131", "date_joined": "2024-02-10T10:58:56.130Z", "last_login": "2024-02-10T10:58:56.130Z", "is_admin": false, "is_staff": false, "is_active": false, "is_superadmin": false}}, {"model": "accounts.account", "pk": 3, "fields": {"password": "pbkdf2_sha256$600000$bjqPRZuk3qzQojAXgMecxn$QY1vxuGFJxh7RHrfTM/azgH7RBDspsOhaUC2PNCAXYQ=", "first_name": "test", "last_name": "test", "username": "test", "email": "test@example.com", "phone_number": "123", "date_joined": "2024-02-10T11:05:27.782Z", "last_login": "2024-02-10T11:05:27.782Z", "is_admin": false, "is_staff": false, "is_active": false, "is_superadmin": false}}, {"model": "accounts.account", "pk": 4, "fields": {"password": "pbkdf2_sha256$600000$5k30IvvfIYmx8DYbC9eBsG$XVSqauGX7kKLXgHO9Sov31eW9QNqWnPcPUdCRurO45k=", "first_name": "test2", "last_name": "test2", "username": "test2", "email": "test2@example.com", "phone_number": "1234", "date_joined": "2024-02-10T11:13:56.716Z", "last_login": "2024-02-10T11:13:56.716Z", "is_admin": false, "is_staff": false, "is_active": false, "is_superadmin": false}}, {"model": "accounts.account", "pk": 5, "fields": {"password": "pbkdf2_sha256$600000$bdr1b26x9ShCLcXfz9QZZZ$Ho7ZJGClv5r2M8Opp9ZYIClk7umdf7kbffLWgmRIlkQ=", "first_name": "test3", "last_name": "test3", "username": "test3", "email": "test3@example.com", "phone_number": "0668957467", "date_joined": "2024-02-10T11:41:21.513Z", "last_login": "2024-02-10T11:41:21.513Z", "is_admin": false, "is_staff": false, "is_active": false, "is_superadmin": false}}, {"model": "accounts.account", "pk": 6, "fields": {"password": "pbkdf2_sha256$600000$24xC59b3Ghyy1Ts53hdzfb$4cLoDU5W6c4UD5uylxPzjJPRocyz4mMLYAvzs0TkjvU=", "first_name": "test4", "last_name": "test4", "username": "test4", "email": "test4@example.com", "phone_number": "0668957467", "date_joined": "2024-02-10T11:52:39.107Z", "last_login": "2024-02-10T11:52:39.107Z", "is_admin": false, "is_staff": false, "is_active": false, "is_superadmin": false}}, {"model": "accounts.account", "pk": 7, "fields": {"password": "pbkdf2_sha256$600000$AFkZNlxsvjmqFTuJmhmZXJ$jm27/zxihDq3cx1yTpYX7ep2ICdojf3i0x1tqGuMrEo=", "first_name": "test5", "last_name": "test5", "username": "test5", "email": "test5@example.com", "phone_number": "0668957467", "date_joined": "2024-02-10T11:57:25.650Z", "last_login": "2024-02-10T11:57:25.650Z", "is_admin": false, "is_staff": false, "is_active": false, "is_superadmin": false}}, {"model": "accounts.account", "pk": 8, "fields": {"password": "pbkdf2_sha256$600000$hm5sEGo0t2US3gHrmfGFG2$DXBL4vqVLw+hMgDDJiiQ5AsLQKqx1Fatne9kkTc4Rkc=", "first_name": "test6", "last_name": "test6", "username": "test6", "email": "test6@example.com", "phone_number": "0668957467", "date_joined": "2024-02-10T12:01:45.585Z", "last_login": "2024-02-10T12:01:45.585Z", "is_admin": false, "is_staff": false, "is_active": false, "is_superadmin": false}}, {"model": "accounts.account", "pk": 10, "fields": {"password": "pbkdf2_sha256$600000$BfOsdana3ieWfQbKTfM6AC$MqbD9+OYxSQP05QDFURrx9SetKEJj3dSY+fcAPYBAUg=", "first_name": "test8", "last_name": "test8", "username": "test8", "email": "test8@example.com", "phone_number": "0668957467", "date_joined": "2024-02-10T12:25:39.975Z", "last_login": "2024-02-10T12:25:39.975Z", "is_admin": false, "is_staff": false, "is_active": false, "is_superadmin": false}}, {"model": "accounts.account", "pk": 11, "fields": {"password": "pbkdf2_sha256$600000$IdkF7tnfInm2mvnyy3xSQQ$H2RilvgSxYAbXsr75JVYYRKF7/kvNU5Y3NyLFEhHaTw=", "first_name": "Thomas", "last_name": "AWOUNFOUET", "username": "thomas.awounfouet", "email": "thomas.awounfouet@gmail.com", "phone_number": "+33668957467", "date_joined": "2024-02-10T12:27:45.512Z", "last_login": "2024-02-10T12:27:45.512Z", "is_admin": false, "is_staff": false, "is_active": false, "is_superadmin": false}}, {"model": "accounts.account", "pk": 12, "fields": {"password": "pbkdf2_sha256$600000$fhCWjH6pC5T5YzD00q39Kn$ZaZv4f3idLs0MBDXgcTMJmligWEmJg0gt5t7k3u6pqc=", "first_name": "awf", "last_name": "awf", "username": "awf", "email": "awf@example.com", "phone_number": "0668957467", "date_joined": "2024-02-10T17:54:34.905Z", "last_login": "2024-02-10T17:54:34.905Z", "is_admin": false, "is_staff": false, "is_active": false, "is_superadmin": false}}, {"model": "accounts.account", "pk": 14, "fields": {"password": "pbkdf2_sha256$600000$qSBQ5SZiFlElpO6LekZhXH$nZVwK1dfx7V5pBTB5yRD17sy14LdHz9OtxmW5nlczj4=", "first_name": "staff1", "last_name": "staff1", "username": "staff1", "email": "staff1@example.com", "phone_number": "0668957467", "date_joined": "2024-02-10T17:55:38.132Z", "last_login": "2024-02-10T17:55:38.132Z", "is_admin": false, "is_staff": false, "is_active": false, "is_superadmin": false}}, {"model": "accounts.account", "pk": 15, "fields": {"password": "pbkdf2_sha256$600000$Gg4KhRvanuFmR6fnDC4QMg$ga7zI+nylq575W3UjEB8kCYTkHadgzSp/lTgTvVMdAk=", "first_name": "staff", "last_name": "staff", "username": "staff", "email": "staff@example.com", "phone_number": "0668957467", "date_joined": "2024-02-10T18:02:13.277Z", "last_login": "2024-02-10T18:02:13.277Z", "is_admin": false, "is_staff": false, "is_active": false, "is_superadmin": false}}, {"model": "accounts.userprofile", "pk": 1, "fields": {"user": 2, "address_line_1": "", "address_line_2": "", "profile_picture": "default/default-user.png", "city": "", "state": "", "country": ""}}, {"model": "accounts.userprofile", "pk": 2, "fields": {"user": 3, "address_line_1": "", "address_line_2": "", "profile_picture": "default/default-user.png", "city": "", "state": "", "country": ""}}, {"model": "accounts.userprofile", "pk": 3, "fields": {"user": 4, "address_line_1": "", "address_line_2": "", "profile_picture": "default/default-user.png", "city": "", "state": "", "country": ""}}, {"model": "accounts.userprofile", "pk": 4, "fields": {"user": 5, "address_line_1": "", "address_line_2": "", "profile_picture": "default/default-user.png", "city": "", "state": "", "country": ""}}, {"model": "accounts.userprofile", "pk": 5, "fields": {"user": 6, "address_line_1": "", "address_line_2": "", "profile_picture": "default/default-user.png", "city": "", "state": "", "country": ""}}, {"model": "accounts.userprofile", "pk": 6, "fields": {"user": 7, "address_line_1": "", "address_line_2": "", "profile_picture": "default/default-user.png", "city": "", "state": "", "country": ""}}, {"model": "accounts.userprofile", "pk": 7, "fields": {"user": 8, "address_line_1": "", "address_line_2": "", "profile_picture": "default/default-user.png", "city": "", "state": "", "country": ""}}, {"model": "accounts.userprofile", "pk": 9, "fields": {"user": 10, "address_line_1": "", "address_line_2": "", "profile_picture": "default/default-user.png", "city": "", "state": "", "country": ""}}, {"model": "accounts.userprofile", "pk": 10, "fields": {"user": 11, "address_line_1": "", "address_line_2": "", "profile_picture": "default/default-user.png", "city": "", "state": "", "country": ""}}, {"model": "accounts.userprofile", "pk": 12, "fields": {"user": 1, "address_line_1": "", "address_line_2": "", "profile_picture": "userprofile/etl-python.png", "city": "", "state": "", "country": ""}}, {"model": "accounts.userprofile", "pk": 13, "fields": {"user": 15, "address_line_1": "", "address_line_2": "", "profile_picture": "default/default-user.png", "city": "", "state": "", "country": ""}}, {"model": "store.product", "pk": 1, "fields": {"product_name": "Test", "slug": "test", "description": "tast", "price": 13, "images": "photos/products/zsmart-website.png", "stock": 9, "is_available": true, "category": 1, "created_date": "2024-02-10T10:29:25.182Z", "modified_date": "2024-02-10T18:33:17.103Z"}}, {"model": "store.variation", "pk": 1, "fields": {"product": 1, "variation_category": "color", "variation_value": "red", "is_active": true, "created_date": "2024-02-10T15:32:51.795Z"}}, {"model": "store.variation", "pk": 2, "fields": {"product": 1, "variation_category": "size", "variation_value": "blue", "is_active": true, "created_date": "2024-02-10T15:32:51.795Z"}}, {"model": "store.reviewrating", "pk": 1, "fields": {"product": 1, "user": 1, "subject": "Test subject", "review": "test review by admin update", "rating": 4.0, "ip": "127.0.0.1", "status": true, "created_at": "2024-02-10T16:11:58.967Z", "updated_at": "2024-02-10T16:14:48.047Z"}}, {"model": "store.reviewrating", "pk": 2, "fields": {"product": 1, "user": 2, "subject": "John reviewig", "review": "I really loved this product", "rating": 2.0, "ip": "127.0.0.1", "status": true, "created_at": "2024-02-10T16:19:43.622Z", "updated_at": "2024-02-10T16:19:43.622Z"}}, {"model": "store.productgallery", "pk": 1, "fields": {"product": 1, "image": "store/products/zsmart-website.png"}}, {"model": "store.productgallery", "pk": 2, "fields": {"product": 1, "image": "store/products/human-resource-mgt_quQCGL7.jpeg"}}, {"model": "store.productgallery", "pk": 3, "fields": {"product": 1, "image": "store/products/32.jpg"}}, {"model": "carts.cart", "pk": 1, "fields": {"cart_id": "001", "date_added": "2024-02-10"}}, {"model": "carts.cartitem", "pk": 2, "fields": {"user": 11, "product": 1, "cart": 1, "quantity": 2, "is_active": true, "variations": [1]}}, {"model": "orders.payment", "pk": 1, "fields": {"user": 1, "payment_id": "0R496656LR416581X", "payment_method": "PayPal", "amount_paid": "53.04", "status": "COMPLETED", "created_at": "2024-02-10T14:33:07.756Z"}}, {"model": "orders.payment", "pk": 2, "fields": {"user": 1, "payment_id": "5YE59978TD203613P", "payment_method": "PayPal", "amount_paid": "13.26", "status": "COMPLETED", "created_at": "2024-02-10T16:17:05.466Z"}}, {"model": "orders.order", "pk": 1, "fields": {"user": 1, "payment": null, "order_number": "202402101", "first_name": "Thomas", "last_name": "AWOUNFOUET", "phone": "0668957467", "email": "thomas.awounfouet@gmail.com", "address_line_1": "6 Boulevard Charles de Gaulle", "address_line_2": "Appartement K3 Etage 8", "country": "France", "state": "Haut-de-seine", "city": "VILLENEUVE-LA-GARENNE", "order_note": "test note", "order_total": 53.04, "tax": 1.04, "status": "New", "ip": "127.0.0.1", "is_ordered": false, "created_at": "2024-02-10T13:42:07.698Z", "updated_at": "2024-02-10T13:42:07.703Z"}}, {"model": "orders.order", "pk": 2, "fields": {"user": 1, "payment": null, "order_number": "202402102", "first_name": "Thomas", "last_name": "AWOUNFOUET", "phone": "0668957467", "email": "thomas.awounfouet@gmail.com", "address_line_1": "6 Boulevard Charles de Gaulle", "address_line_2": "Appartement K3 Etage 8", "country": "France", "state": "Haut-de-seine", "city": "VILLENEUVE-LA-GARENNE", "order_note": "test note", "order_total": 53.04, "tax": 1.04, "status": "New", "ip": "127.0.0.1", "is_ordered": false, "created_at": "2024-02-10T13:43:07.383Z", "updated_at": "2024-02-10T13:43:07.386Z"}}, {"model": "orders.order", "pk": 3, "fields": {"user": 1, "payment": null, "order_number": "202402103", "first_name": "Thomas", "last_name": "AWOUNFOUET", "phone": "0668957467", "email": "thomas.awounfouet@gmail.com", "address_line_1": "6 Boulevard Charles de Gaulle", "address_line_2": "Appartement K3 Etage 8", "country": "France", "state": "Haut-de-seine", "city": "VILLENEUVE-LA-GARENNE", "order_note": "test note", "order_total": 53.04, "tax": 1.04, "status": "New", "ip": "127.0.0.1", "is_ordered": false, "created_at": "2024-02-10T13:43:25.787Z", "updated_at": "2024-02-10T13:43:25.789Z"}}, {"model": "orders.order", "pk": 4, "fields": {"user": 1, "payment": null, "order_number": "202402104", "first_name": "Thomas", "last_name": "AWOUNFOUET", "phone": "0668957467", "email": "thomas.awounfouet@gmail.com", "address_line_1": "6 Boulevard Charles de Gaulle", "address_line_2": "Appartement K3 Etage 8", "country": "France", "state": "Haut-de-seine", "city": "VILLENEUVE-LA-GARENNE", "order_note": "test note", "order_total": 53.04, "tax": 1.04, "status": "New", "ip": "127.0.0.1", "is_ordered": false, "created_at": "2024-02-10T13:44:20.315Z", "updated_at": "2024-02-10T13:44:20.317Z"}}, {"model": "orders.order", "pk": 5, "fields": {"user": 1, "payment": null, "order_number": "202402105", "first_name": "Thomas", "last_name": "AWOUNFOUET", "phone": "0668957467", "email": "thomas.awounfouet@gmail.com", "address_line_1": "6 Boulevard Charles de Gaulle", "address_line_2": "Appartement K3 Etage 8", "country": "France", "state": "Haut-de-seine", "city": "VILLENEUVE-LA-GARENNE", "order_note": "test note", "order_total": 53.04, "tax": 1.04, "status": "New", "ip": "127.0.0.1", "is_ordered": false, "created_at": "2024-02-10T13:48:10.941Z", "updated_at": "2024-02-10T13:48:10.943Z"}}, {"model": "orders.order", "pk": 6, "fields": {"user": 1, "payment": null, "order_number": "202402106", "first_name": "Thomas", "last_name": "AWOUNFOUET", "phone": "0668957467", "email": "thomas.awounfouet@gmail.com", "address_line_1": "6 Boulevard Charles de Gaulle", "address_line_2": "Appartement K3 Etage 8", "country": "France", "state": "Haut-de-seine", "city": "VILLENEUVE-LA-GARENNE", "order_note": "test note", "order_total": 53.04, "tax": 1.04, "status": "New", "ip": "127.0.0.1", "is_ordered": false, "created_at": "2024-02-10T13:52:53.070Z", "updated_at": "2024-02-10T13:52:53.073Z"}}, {"model": "orders.order", "pk": 7, "fields": {"user": 1, "payment": 1, "order_number": "202402107", "first_name": "Thomas", "last_name": "AWOUNFOUET", "phone": "0668957467", "email": "thomas.awounfouet@gmail.com", "address_line_1": "6 Boulevard Charles de Gaulle", "address_line_2": "Appartement K3 Etage 8", "country": "France", "state": "Haut-de-seine", "city": "VILLENEUVE-LA-GARENNE", "order_note": "test note", "order_total": 53.04, "tax": 1.04, "status": "New", "ip": "127.0.0.1", "is_ordered": true, "created_at": "2024-02-10T14:24:33.833Z", "updated_at": "2024-02-10T14:33:07.758Z"}}, {"model": "orders.order", "pk": 8, "fields": {"user": 1, "payment": 2, "order_number": "202402108", "first_name": "Thomas", "last_name": "AWOUNFOUET", "phone": "0668957467", "email": "thomas.awounfouet@gmail.com", "address_line_1": "6 Boulevard Charles de Gaulle", "address_line_2": "Appartement K3 Etage 8", "country": "France", "state": "Haut-de-seine", "city": "VILLENEUVE-LA-GARENNE", "order_note": "Second order", "order_total": 13.26, "tax": 0.26, "status": "New", "ip": "127.0.0.1", "is_ordered": true, "created_at": "2024-02-10T16:16:52.171Z", "updated_at": "2024-02-10T16:17:05.467Z"}}, {"model": "orders.orderproduct", "pk": 1, "fields": {"order": 7, "payment": 1, "user": 1, "product": 1, "quantity": 4, "product_price": 13.0, "ordered": true, "created_at": "2024-02-10T14:33:07.766Z", "updated_at": "2024-02-10T14:33:07.777Z", "variations": [1, 2]}}, {"model": "orders.orderproduct", "pk": 2, "fields": {"order": 8, "payment": 2, "user": 1, "product": 1, "quantity": 1, "product_price": 13.0, "ordered": true, "created_at": "2024-02-10T16:17:05.472Z", "updated_at": "2024-02-10T16:17:05.484Z", "variations": [1, 2]}}, {"model": "admin_honeypot.loginattempt", "pk": 1, "fields": {"username": "admin@example.com", "ip_address": "127.0.0.1", "session_key": "0ojq0myq8nm7b6fawq4c7ciwv2fvugtr", "user_agent": "Mozilla/5.0 (Macintosh; Intel Mac OS X 10_15_7) AppleWebKit/537.36 (KHTML, like Gecko) Chrome/121.0.0.0 Safari/537.36", "timestamp": "2024-02-10T19:28:30.552Z", "path": "/admin/login/?next=/admin/"}}, {"model": "admin_honeypot.loginattempt", "pk": 2, "fields": {"username": "admin@example.com", "ip_address": "127.0.0.1", "session_key": "0ojq0myq8nm7b6fawq4c7ciwv2fvugtr", "user_agent": "Mozilla/5.0 (Macintosh; Intel Mac OS X 10_15_7) AppleWebKit/537.36 (KHTML, like Gecko) Chrome/121.0.0.0 Safari/537.36", "timestamp": "2024-02-10T19:28:36.935Z", "path": "/admin/login/?next=/admin/"}}, {"model": "admin_honeypot.loginattempt", "pk": 3, "fields": {"username": "test@example.com", "ip_address": "127.0.0.1", "session_key": "0ojq0myq8nm7b6fawq4c7ciwv2fvugtr", "user_agent": "Mozilla/5.0 (Macintosh; Intel Mac OS X 10_15_7) AppleWebKit/537.36 (KHTML, like Gecko) Chrome/121.0.0.0 Safari/537.36", "timestamp": "2024-02-10T19:28:44.336Z", "path": "/admin/login/?next=/admin/"}}]